<?xml version="1.0" encoding="UTF-8" standalone="yes"?>
<addon id="script.kadio" name="kadio" version="0.01r48" provider-name="oxagast">
	<requires>
		<import addon="xbmc.python" version="2.14.0"/>
	</requires>
	<extension point="xbmc.python.script" library="addon.py">
		<provides>audio</provides>
	</extension>
	<extension point="xbmc.addon.audio">
		<platform>all</platform>
		<summary lang="en">SDR RTL Radio Tuner</summary>
		<description lang="en">SDR Radio Tuner</description>
		<license>GNU General Public License, v2</license>
		<language></language>
		<forum></forum>
		<source></source>
		<website>maskster.site</website>
		<email>marshall@maskster.site</email>
		<assets>
			<icon>icon.png</icon>
			<fanart>fanart.jpg</fanart>
			<screenshot>resources/screenshot-01.jpg</screenshot>
			<screenshot>resources/screenshot-02.jpg</screenshot>
			<screenshot>resources/screenshot-03.jpg</screenshot>
		</assets>
		<news>Updated the addon to use new addon.xml metadata</news>
	</extension>
</addon>
